{
  "train": {
    "split_name": "train",
    "total_samples": 1000,
    "processed_samples": 1000,
    "skipped_samples": 0,
    "control_images": {
      "width_count": 1000,
      "width_min": 227.0,
      "width_max": 1000.0,
      "width_mean": 634.428,
      "width_median": 565.0,
      "width_std": 213.32739349647528,
      "width_q25": 457.0,
      "width_q75": 805.5,
      "height_count": 1000,
      "height_min": 227.0,
      "height_max": 1000.0,
      "height_mean": 716.601,
      "height_median": 702.0,
      "height_std": 190.48654492903168,
      "height_q25": 561.0,
      "height_q75": 867.0,
      "aspect_ratio_count": 1000,
      "aspect_ratio_min": 0.4153400868306802,
      "aspect_ratio_max": 1.9974874371859297,
      "aspect_ratio_mean": 0.9045741988251838,
      "aspect_ratio_median": 0.8002199678295545,
      "aspect_ratio_std": 0.27013671497539016,
      "aspect_ratio_q25": 0.6827284331042663,
      "aspect_ratio_q75": 1.0,
      "area_count": 1000,
      "area_min": 77180.0,
      "area_max": 1000000.0,
      "area_mean": 480320.687,
      "area_median": 403624.0,
      "area_std": 259484.21831560205,
      "area_q25": 270689.75,
      "area_q75": 664053.75,
      "unique_shapes": 870,
      "most_common_shape": [
        1000,
        1000
      ]
    },
    "target_images": {
      "width_count": 1000,
      "width_min": 227.0,
      "width_max": 1000.0,
      "width_mean": 634.428,
      "width_median": 565.0,
      "width_std": 213.32739349647528,
      "width_q25": 457.0,
      "width_q75": 805.5,
      "height_count": 1000,
      "height_min": 227.0,
      "height_max": 1000.0,
      "height_mean": 716.601,
      "height_median": 702.0,
      "height_std": 190.48654492903168,
      "height_q25": 561.0,
      "height_q75": 867.0,
      "aspect_ratio_count": 1000,
      "aspect_ratio_min": 0.4153400868306802,
      "aspect_ratio_max": 1.9974874371859297,
      "aspect_ratio_mean": 0.9045741988251838,
      "aspect_ratio_median": 0.8002199678295545,
      "aspect_ratio_std": 0.27013671497539016,
      "aspect_ratio_q25": 0.6827284331042663,
      "aspect_ratio_q75": 1.0,
      "area_count": 1000,
      "area_min": 77180.0,
      "area_max": 1000000.0,
      "area_mean": 480320.687,
      "area_median": 403624.0,
      "area_std": 259484.21831560205,
      "area_q25": 270689.75,
      "area_q75": 664053.75,
      "unique_shapes": 870,
      "most_common_shape": [
        1000,
        1000
      ]
    },
    "shape_consistency": {
      "matching_shapes": 1000,
      "total_pairs": 1000,
      "match_percentage": 100.0
    }
  },
  "validation": {
    "split_name": "validation",
    "total_samples": 50,
    "processed_samples": 50,
    "skipped_samples": 0,
    "control_images": {
      "width_count": 50,
      "width_min": 337.0,
      "width_max": 1000.0,
      "width_mean": 652.48,
      "width_median": 606.0,
      "width_std": 224.6746305215611,
      "width_q25": 446.0,
      "width_q75": 871.25,
      "height_count": 50,
      "height_min": 325.0,
      "height_max": 1000.0,
      "height_mean": 748.5,
      "height_median": 714.5,
      "height_std": 187.81312520694607,
      "height_q25": 607.0,
      "height_q75": 948.25,
      "aspect_ratio_count": 50,
      "aspect_ratio_min": 0.5239327296248383,
      "aspect_ratio_max": 1.9015384615384616,
      "aspect_ratio_mean": 0.887049118573368,
      "aspect_ratio_median": 0.8136813996316759,
      "aspect_ratio_std": 0.2853764440620883,
      "aspect_ratio_q25": 0.6985868385345997,
      "aspect_ratio_q75": 1.0,
      "area_count": 50,
      "area_min": 137159.0,
      "area_max": 1000000.0,
      "area_mean": 516501.84,
      "area_median": 400388.0,
      "area_std": 281874.29287108534,
      "area_q25": 282606.5,
      "area_q75": 759250.0,
      "unique_shapes": 44,
      "most_common_shape": [
        1000,
        1000
      ]
    },
    "target_images": {
      "width_count": 50,
      "width_min": 337.0,
      "width_max": 1000.0,
      "width_mean": 652.48,
      "width_median": 606.0,
      "width_std": 224.6746305215611,
      "width_q25": 446.0,
      "width_q75": 871.25,
      "height_count": 50,
      "height_min": 325.0,
      "height_max": 1000.0,
      "height_mean": 748.5,
      "height_median": 714.5,
      "height_std": 187.81312520694607,
      "height_q25": 607.0,
      "height_q75": 948.25,
      "aspect_ratio_count": 50,
      "aspect_ratio_min": 0.5239327296248383,
      "aspect_ratio_max": 1.9015384615384616,
      "aspect_ratio_mean": 0.887049118573368,
      "aspect_ratio_median": 0.8136813996316759,
      "aspect_ratio_std": 0.2853764440620883,
      "aspect_ratio_q25": 0.6985868385345997,
      "aspect_ratio_q75": 1.0,
      "area_count": 50,
      "area_min": 137159.0,
      "area_max": 1000000.0,
      "area_mean": 516501.84,
      "area_median": 400388.0,
      "area_std": 281874.29287108534,
      "area_q25": 282606.5,
      "area_q75": 759250.0,
      "unique_shapes": 44,
      "most_common_shape": [
        1000,
        1000
      ]
    },
    "shape_consistency": {
      "matching_shapes": 50,
      "total_pairs": 50,
      "match_percentage": 100.0
    }
  },
  "overall": {
    "total_samples": 1050,
    "total_processed": 1050,
    "total_skipped": 0,
    "splits": [
      "train",
      "validation"
    ]
  }
}